chunk_id,source_type,chunk_type,quality,chunk_quality_flag,file,name,chunk_text,generated_question,generated_ground_truth,error,test_category,abstention_type,retrieved_sources,system_answer
txt_20921,text,paragraph,good,,IEOR E4573 Deep Learning for NLP\Final\考题\Untitled document.pdf,Q3,"Untitled document.pdf
## Q3  
(a) Is this True or False? Please justify. In the Transformer, the positional embeddings are not crucial. They provide a lift, but we don't necessarily need them.  
The assertion is incorrect. Transformers would be unable to distinguish between sentences like ""I ate an apple"" and ""Apple an ate I,"" The standard embeddings, such as word embeddings, do not inherently include positional information. Without positional embeddings, Transformers lack the capability to discern the order of words in a sentence, leading to significant performance degradation on tasks involving language understanding.",在Transformer模型中，位置嵌入的重要性是什么？如果没有位置嵌入，会对模型的表现产生什么影响？,"位置嵌入在Transformer中是至关重要的。没有位置嵌入，Transformer无法区分句子中单词的顺序，例如""I ate an apple""和""Apple an ate I""这两句。标准的嵌入（如词嵌入）本身并不包含位置信息，因此缺少位置嵌入会导致Transformer在语言理解任务上的性能显著下降。",,standard,,"txt_20854 | IEOR E4573 Deep Learning for NLP\Lecture 9.pdf | heading_section | Outline; txt_20835 | IEOR E4573 Deep Learning for NLP\Lecture 9.pdf | heading_section | Lecture 9: The Transformer, GPT1; code_02532 | IEOR E4573 Deep Learning for NLP\HW9\NLP_HW_9_SPAM_with_GPT2.ipynb | ipynb_code; txt_01711 | IEOR E4540 Data Mining\Transformers-lecture-1-slides.pdf | heading_section | Thank you for the Attention !; code_02581 | IEOR E4573 Deep Learning for NLP\HW9\SPAM_with_GPT2.ipynb | ipynb_code","根据提供的代码片段，没有直接的信息来回答关于位置嵌入在Transformer模型中重要性的问题，以及如果没有位置嵌入会对模型表现产生什么影响的具体内容。因此，我无法提供相关的答案。

如果需要更详细的信息，建议查阅相关的深度学习和自然语言处理的教材或文献，特别是关于Transformer架构的部分。"
data_00091,data_summary,data_summary,good,,IEOR E4004 Optimization Models & Methods\Final Project\IEOR4004_PortfolioOptimizationPack\MFG.csv,MFG,"MFG.csv 是 IEOR E4004 Optimization Models & Methods 课程的数据集(CSV格式),包含 3988 行、7 列。字段包括:Date, Open, High, Low, Close, Adj Close, Volume。",MFG.csv 数据集包含哪些字段以及它的行列数是多少？,MFG.csv 数据集是 IEOR E4004 Optimization Models & Methods 课程的数据集，包含3988行和7列。字段包括：Date（日期）、Open（开盘价）、High（最高价）、Low（最低价）、Close（收盘价）、Adj Close（调整后的收盘价）和Volume（成交量）。,,standard,,data_00003 | CSE 414\HW2\flight-dataset\months.csv | data_summary | months; data_00004 | CSE 414\HW2\flight-dataset\weekdays.csv | data_summary | weekdays; data_00091 | IEOR E4004 Optimization Models & Methods\Final Project\IEOR4004_PortfolioOptimizationPack\MFG.csv | data_summary | MFG; data_00011 | CSE 416\TA1\Credit.csv | data_summary | Credit; txt_17006 | IEOR E4004 Optimization Models & Methods\report\Strategic Asset Allocation for Enhanced Risk-Adjusted Returns.pdf | paragraph | Risk-Seeking Portfolio,"MFG.csv 数据集包含以下字段：Date, Open, High, Low, Close, Adj Close, Volume。该数据集包含3988行和7列。[来源3]"
txt_00899,text,heading_section,degraded,"formula_missing,has_unresolved_image",IEOR E4404 Simulation\下半学期lecture\4404-lec10 （期末开始）.pdf,Markov Chain Monte Carlo,"4404-lec10 （期末开始）.pdf
## Markov Chain Monte Carlo  
- Transition probabilities of the Markov chain are  
<!-- formula-not-decoded -->  
- It satisfies detailed balance  
<!-- formula-not-decoded -->  
<!-- image -->  
<!-- formula-not-decoded -->  
<!-- formula-not-decoded -->  
we want to check tmat Tx solve the deta:led dalance equations for te  
Mawkov chain in tre McMc 9lgao.rtmm.  
<!-- formula-not-decoded -->  
<!-- formula-not-decoded -->  
<!-- formula-not-decoded -->",在马尔可夫链蒙特卡洛方法中，如何检查转移概率是否满足详细平衡条件？,该部分内容因OCR/解析问题变成碎片化乱码，无法可靠还原，建议查阅IEOR E4404 Simulation(下半学期lecture相关)的课程材料。原文此处附有图表/图片，具体内容请参考IEOR E4404 Simulation(下半学期lecture相关)的课程材料中的图片。,,abstention,,data_00004 | CSE 414\HW2\flight-dataset\weekdays.csv | data_summary | weekdays; txt_00000 | IEOR E4404 Simulation\下半学期lecture\4404-lec13.pdf | heading_section | IEOR 4404: Simulation; data_00010 | CSE 416\HW7\tweets-2020-4-30.csv | data_summary | tweets-2020-4-30; txt_00001 | IEOR E4404 Simulation\下半学期lecture\4404-lec13.pdf | heading_section | Lecture 13: Variance Reduction; data_00005 | CSE 416\HW1\home_data.csv | data_summary | home_data,"根据提供的代码片段，没有相关信息讨论马尔可夫链蒙特卡洛方法或详细平衡条件的检查。因此，我无法回答这个问题。

依据来自于所有提供的来源，没有涉及到马尔可夫链蒙特卡洛方法的内容。"
txt_12144,text,paragraph,good,,CSE 416\CSE416✅\CSE163 Final Report.pdf,7. Impact and Limitations,"CSE163 Final Report.pdf
As analyzed in the Confusion Matrix section under Results , we discovered that the False Positive Rate of our model on the test set is 5.67% and the False Negative Rate is 0.39%. It's estimated that in the future, our model will mistakenly predict 5.67% of unqualified borrowers as qualified but only predict 0.39% of qualified borrowers as unqualified. The huge difference in these two rates indicates that, despite having the highest accuracy, our model benefits borrowers for almost always giving credits to qualified borrowers but harms lenders for convincing them to lend money to a relatively larger percentage of unqualified borrowers. These biased impacts would only be enlarged when the",在CSE163的最终报告中，模型的假阳性率和假阴性率分别是多少？这对借款人和贷款人有什么影响？,根据最终报告中的混淆矩阵分析，我们的模型在测试集上的假阳性率为5.67%，假阴性率为0.39%。这意味着在未来，我们的模型会错误地将5.67%的不合格借款人预测为合格，而只会将0.39%的合格借款人预测为不合格。这两个比率之间的巨大差异表明，尽管我们的模型具有最高的准确性，但对借款人来说几乎总是能够给合格借款人提供信贷，而对贷款人来说却会误导他们向相对较大比例的不合格借款人放贷。这种偏见的影响在未来只会加大。,,standard,,txt_12060 | CSE 416\CSE416✅\CSE163 Final Report.pdf | paragraph | 4. Dataset; txt_12070 | CSE 416\CSE416✅\CSE163 Final Report.pdf | paragraph | 6. Main Results; txt_12154 | CSE 416\CSE416✅\CSE163 Final Report.pdf | heading_section | 10. Testing; data_00010 | CSE 416\HW7\tweets-2020-4-30.csv | data_summary | tweets-2020-4-30; data_00009 | CSE 416\HW6\people_wiki.csv | data_summary | people_wiki,"根据提供的代码片段，没有足够的信息来回答关于CSE163最终报告中模型的假阳性率和假阴性率的问题。虽然提到了CSE163的最终报告，但没有具体的数值或相关内容来说明假阳性率和假阴性率的具体情况。

因此，我无法提供相关的答案。[来源1]、[来源2]和[来源3]中都没有包含假阳性率和假阴性率的具体数据。"
txt_13622,text,paragraph,good,,ieor 4742 deep learning\Final\ClusteringQC Final Report.pdf,2.2 Shadow Score Cross Validation Framework,"ClusteringQC Final Report.pdf
on Dataset 1, suggesting that while it can capture hierarchical structures, it may not be as effective for time series data where the temporal link between data points is critical.",在处理时间序列数据时，聚类方法的有效性如何？,聚类方法可以捕捉层次结构，但在处理时间序列数据时可能效果不佳，因为时间序列数据中数据点之间的时间联系是至关重要的。,,standard,,data_00004 | CSE 414\HW2\flight-dataset\weekdays.csv | data_summary | weekdays; txt_00000 | IEOR E4404 Simulation\下半学期lecture\4404-lec13.pdf | heading_section | IEOR 4404: Simulation; data_00003 | CSE 414\HW2\flight-dataset\months.csv | data_summary | months; txt_00001 | IEOR E4404 Simulation\下半学期lecture\4404-lec13.pdf | heading_section | Lecture 13: Variance Reduction; data_00015 | ECON 484\College.csv | data_summary | College,根据提供的代码片段，没有相关信息讨论时间序列数据的聚类方法有效性。因此，我无法回答这个问题。请提供更多相关资料或信息以便我能帮助您。[来源1-5]
txt_02177,text,paragraph,degraded,formula_missing,IEOR E4106 Stochastic Model\Final\Final Solutions.pdf,IEOR E3106: Stochastic Systems and Applications (Fall 2022) Final Exam Solutions,"Final Solutions.pdf
- with probability 2 3 , repairman B or C comes and replaces the failed part;  
We have  
<!-- formula-not-decoded -->  
If X ( t ) = 0 , then after Exp(3) units of time,  
- with probability 2 3 , repairman A or B comes and replaces one failed part;
- with probability 1 3 , repairman C comes and replaces both failed parts.  
Hence,  
<!-- formula-not-decoded -->  
Solving the equations yields ( E T, E T 1 , E T 0 ) = ( 15 14 , 4 7 , 5 7 ) . Hence, E T = 15 / 14 .  
Problem 3 (30 points) Students can use either Exp(1) or Exp( λ ) as the lifetime distribution.",在修理过程中，修理工B或C以多大的概率会来替换故障部件？,根据内容，修理工B或C以概率\( \frac{2}{3} \)来替换故障部件。然而，具体的公式内容缺失，建议查阅IEOR E4106 Stochastic Model(Final相关)的课程材料以获取完整信息。,,abstention,,data_00004 | CSE 414\HW2\flight-dataset\weekdays.csv | data_summary | weekdays; txt_04485 | CSE 414\LEC10_design_theory.pdf | heading_section | Example; data_00011 | CSE 416\TA1\Credit.csv | data_summary | Credit; code_01969 | IEOR E4573 Deep Learning for NLP\HW1\HW_1_Getting_Probabilities.ipynb | ipynb_code; data_00015 | ECON 484\College.csv | data_summary | College,"根据提供的代码片段，没有足够的信息来回答关于修理工B或C替换故障部件的概率的问题。所有的片段都与数据集或示例代码有关，但没有涉及修理工或相关概率的内容。因此，我无法提供相关的答案。

依据来自于所有提供的来源。"
txt_12437,text,paragraph,good,,ECON 484\ECON484 FINAL ESSAY.pdf,Implementation of Energy Plan,"ECON484 FINAL ESSAY.pdf
energy supply, contributing to its status as a global leader in renewable energy adoption. One renewable transition plan done by the Norwegian government was building The Alta-Kautokeino Power Line [13]. This power line connects hydroelectric power plants in the Alta and Kautokeino regions of Norway. It enables the transmission of renewable energy from these facilities to the national grid. By efficiently transmitting electricity over long distances, Norway can maximize the utilization of its hydropower resources and reduce the need for fossil fuel-based power generation, hugely decreasing CO2 emission on the national level [14].",挪威政府在可再生能源转型方面采取了哪些措施？,挪威政府实施的一个可再生能源转型计划是建设阿尔塔-考托凯诺电力线路。这条电力线路连接了挪威阿尔塔和考托凯诺地区的水电站，使得这些设施能够将可再生能源传输到国家电网。通过高效地远距离传输电力，挪威能够最大化利用其水电资源，减少对化石燃料发电的依赖，从而在国家层面大幅降低二氧化碳排放。,,standard,,txt_16242 | IEOR E4004 Optimization Models & Methods\L2\IEOR4004_LP_StudySet1.pdf | heading_section | Decision Variables:; txt_00000 | IEOR E4404 Simulation\下半学期lecture\4404-lec13.pdf | heading_section | IEOR 4404: Simulation; txt_16705 | IEOR E4004 Optimization Models & Methods\Quiz 1 pre\IEOR4004_LP_StudySet1.pdf | heading_section | Decision Variables:; txt_00001 | IEOR E4404 Simulation\下半学期lecture\4404-lec13.pdf | heading_section | Lecture 13: Variance Reduction; code_00565 | CSE 416\TA1\CSE416_Lab1.ipynb | ipynb_markdown,根据提供的代码片段，没有足够的信息来回答挪威政府在可再生能源转型方面采取的措施。所有片段都与课程内容和决策变量相关，而没有涉及挪威政府或可再生能源的具体政策或措施。因此，我无法提供相关信息。
code_01763,code,ipynb_merged,,,IEOR E4573 Deep Learning for NLP\Jordan PyTorch Final.ipynb,,"Now let's create our data X and our labels y to train on!

```python
X = BOW(processed_corpus)
y = labels
```",我应该如何创建训练数据和标签以便进行模型训练？,"可以使用以下代码来创建训练数据和标签：

```python
X = BOW(processed_corpus)
y = labels
```",,standard,,data_00004 | CSE 414\HW2\flight-dataset\weekdays.csv | data_summary | weekdays; txt_00000 | IEOR E4404 Simulation\下半学期lecture\4404-lec13.pdf | heading_section | IEOR 4404: Simulation; data_00010 | CSE 416\HW7\tweets-2020-4-30.csv | data_summary | tweets-2020-4-30; txt_00001 | IEOR E4404 Simulation\下半学期lecture\4404-lec13.pdf | heading_section | Lecture 13: Variance Reduction; data_00005 | CSE 416\HW1\home_data.csv | data_summary | home_data,"根据提供的代码片段，没有足够的信息来回答如何创建训练数据和标签以便进行模型训练。代码片段中涉及的数据集和文件内容并未提供关于模型训练的具体指导或示例。

因此，我无法提供具体的步骤或方法。请参考其他课程资料或文献以获取相关信息。"
data_00111,data_summary,data_summary,good,,IEOR E4004 Optimization Models & Methods\Final Project\IEOR4004_PortfolioOptimizationPack\SEK.csv,SEK,"SEK.csv 是 IEOR E4004 Optimization Models & Methods 课程的数据集(CSV格式),包含 3784 行、7 列。字段包括:Date, Open, High, Low, Close, Adj Close, Volume。",SEK.csv 数据集包含哪些字段以及它的行列数是多少？,"SEK.csv 数据集包含 3784 行和 7 列，字段包括：Date, Open, High, Low, Close, Adj Close, Volume。",,standard,,data_00003 | CSE 414\HW2\flight-dataset\months.csv | data_summary | months; data_00111 | IEOR E4004 Optimization Models & Methods\Final Project\IEOR4004_PortfolioOptimizationPack\SEK.csv | data_summary | SEK; data_00004 | CSE 414\HW2\flight-dataset\weekdays.csv | data_summary | weekdays; data_00010 | CSE 416\HW7\tweets-2020-4-30.csv | data_summary | tweets-2020-4-30; data_00011 | CSE 416\TA1\Credit.csv | data_summary | Credit,"SEK.csv 数据集包含的字段有: Date, Open, High, Low, Close, Adj Close, Volume。该数据集包含 3784 行和 7 列。[来源2]"
txt_03719,text,paragraph,good,,IEOR E4404 Simulation\Practice_Final_Solutions.pdf,Practice Final Solutions,"Practice_Final_Solutions.pdf
- (b) Let T B be the total amount of time in the interval [0 , 10] that all three channels are busy. Suppose, only for this part, that instead of a time inhomogeneous Poisson process we have a time homogeneous Poisson process with rate λ to generate the message arrivals. What is the conditional expectation E [ L | T B ]?","在时间均匀泊松过程中，如何计算在时间区间[0, 10]内所有三个通道忙碌的总时间T B的条件期望E[L | T B]？",在这个问题中，我们假设消息到达是由一个时间均匀的泊松过程生成的，速率为λ。我们需要计算在给定总忙碌时间T B的情况下，随机变量L的条件期望E[L | T B]。,,standard,,"txt_17856 | IEOR E4106 Stochastic Model\教材\Chapter 10.pdf | paragraph | Exercises; txt_20458 | IEOR E4573 Deep Learning for NLP\Lecture 12.pdf | heading_section | ▶ An example of gradient descent; txt_17398 | IEOR E4106 Stochastic Model\Introduction to Probability Models, 11e, Sheldon Ross[solution].pdf | paragraph | Chapter 10; txt_04733 | CSE 414\LEC14_txn_locking.pdf | paragraph | Ex: 2PL on Non-Conflict-Serializable Schedule; txt_21133 | IEOR E4573 Deep Learning for NLP\HW3\HW 3 Solutions.pdf | paragraph | Solution","根据提供的代码片段，没有足够的信息来回答关于在时间均匀泊松过程中计算在时间区间[0, 10]内所有三个通道忙碌的总时间T B的条件期望E[L | T B]的问题。所有的片段都没有涉及到泊松过程或相关的条件期望计算。

因此，我无法提供答案。"
txt_13642,text,paragraph,good,,ieor 4742 deep learning\Final\ClusteringQC Poster.pdf,Introduction,"ClusteringQC Poster.pdf
The importance of this research lies in its potential to enhance the accuracy and reliability of time series data analysis. The ability to effectively  group  data  points  over  time  is  not  just  a  statistical exercise; it has practical implications. For instance, in the financial sector,  it  can  inform  investment  strategies  or  trading  decisions  of mutual funds by identifying stable and coherent market trends.",这项研究在时间序列数据分析中有什么重要性？,这项研究的重要性在于它有潜力提高时间序列数据分析的准确性和可靠性。有效地对数据点进行分组不仅仅是统计上的练习，它具有实际意义。例如，在金融领域，它可以通过识别稳定和一致的市场趋势来指导投资策略或共同基金的交易决策。,,standard,,data_00010 | CSE 416\HW7\tweets-2020-4-30.csv | data_summary | tweets-2020-4-30; txt_00000 | IEOR E4404 Simulation\下半学期lecture\4404-lec13.pdf | heading_section | IEOR 4404: Simulation; txt_14284 | ieor 4742 deep learning\Overview\overview_part1.pdf | heading_section | AI/ML/DL; txt_00001 | IEOR E4404 Simulation\下半学期lecture\4404-lec13.pdf | heading_section | Lecture 13: Variance Reduction; txt_00376 | IEOR E4573 Deep Learning for NLP\NLP整理.pdf | paragraph,根据提供的代码片段，没有足够的信息来回答关于时间序列数据分析的重要性的问题。所有的片段都没有涉及时间序列数据分析的相关内容或其重要性。因此，我无法提供相关的答案。[来源1]至[来源5]均未包含相关信息。
txt_17429,text,paragraph,good,,IEOR E4106 Stochastic Model\Practice Final and Solutions.pdf,Please read the following instructions before you start.,"Practice Final and Solutions.pdf
Problem 3 (30 points) A repairman maintains two printers. Each printer works for Exp(1) units of time and then fails. The repairman works on each failed printer until it is repaired, so that a second failed printer must wait for the repairman to become free before it can receive attention. The repair times of printers 1 and 2 have distributions Exp(1) and Exp(2) , respectively. All failures and repairs are independent.  
1. (15 points) Find the long-run average number of working printers.
2. (15 points) Let T be the random time between two successive repairs that leave both printers working. Compute E T .",在维护两台打印机的情况下，如何计算长期平均工作打印机的数量？,长期平均工作打印机的数量可以通过分析每台打印机的工作时间和故障时间的分布来计算。每台打印机的工作时间服从Exp(1)分布，而打印机1和打印机2的修复时间分别服从Exp(1)和Exp(2)分布。,,standard,,data_00010 | CSE 416\HW7\tweets-2020-4-30.csv | data_summary | tweets-2020-4-30; txt_00000 | IEOR E4404 Simulation\下半学期lecture\4404-lec13.pdf | heading_section | IEOR 4404: Simulation; data_00004 | CSE 414\HW2\flight-dataset\weekdays.csv | data_summary | weekdays; txt_00001 | IEOR E4404 Simulation\下半学期lecture\4404-lec13.pdf | heading_section | Lecture 13: Variance Reduction; data_00005 | CSE 416\HW1\home_data.csv | data_summary | home_data,"根据提供的代码片段，没有足够的信息来回答关于如何计算长期平均工作打印机的数量的问题。所有的片段都涉及到课程数据集和讲义内容，但没有涉及到打印机或相关的计算方法。

因此，我无法提供相关的答案。"
txt_12317,text,paragraph,good,,ECON 484\484_Final.pdf,Coding,"484_Final.pdf
## Coding  
Your results should be reproducible.  
14. In this problem, you will predict the number of applications received using the other variables in the College data set. Please find College.csv here: https://www.statlearning.com/resources-secondedition, and read it using R . (You do not need to submit this data set.)
2. (a) (5 points) Split the data set into a training set and a test set.
3. (b) (5 points) Fit a ridge regression model on the training set, with λ chosen by cross-validation. Report the test error obtained.",在这个作业中，我需要使用College数据集来预测申请数量，请问具体的步骤是什么？,在这个问题中，你需要使用College数据集中的其他变量来预测申请数量。首先，你需要将数据集分为训练集和测试集。然后，在训练集上拟合一个岭回归模型，选择λ参数时使用交叉验证，最后报告获得的测试误差。,,standard,,data_00015 | ECON 484\College.csv | data_summary | College; txt_10474 | CSE 416\Class7\7.pdf | heading_section | Example: College admission only using SAT Score; txt_15336 | IEOR E4004 Optimization Models & Methods\2202.00138.pdf | paragraph | Appendix; data_00017 | ECON 484\HW1\College.csv | data_summary | College; data_00011 | CSE 416\TA1\Credit.csv | data_summary | Credit,"根据提供的代码片段，没有足够的信息来详细说明使用College数据集预测申请数量的具体步骤。虽然我们知道College数据集包含与申请数量相关的字段（如Apps），但没有提供关于如何进行预测的具体方法或步骤。

因此，我无法回答这个问题。信息来源于[来源1]和[来源4]。"
txt_20914,text,paragraph,good,,IEOR E4573 Deep Learning for NLP\Final\Practice Final.pdf,Practice Final,"Practice Final.pdf
- Problem 14 Know how to write down a computational graph and get derivatives for a parameter.
- Problem 15 Suppose you are training a Softmax classifier and have been initializing your weight matrices to random numbers between -0.001 and +0.001; your friend suggests that it is better to scale down the range to something much closer to zero; in particular, he recommends randomly choosing values between -1e-7 to +1e-7. Is this a good idea? Why or why not? Using the Softmax gradient, write down an example.",在训练Softmax分类器时，初始化权重矩阵的值范围应该选择多大比较合适？为什么？,在训练Softmax分类器时，初始化权重矩阵的值范围建议缩小到更接近零的范围，比如在-1e-7到+1e-7之间。这样做的原因是可以提高训练的稳定性和收敛速度。,,standard,,txt_20568 | IEOR E4573 Deep Learning for NLP\Lecture 3.pdf | paragraph | Softmax; txt_20569 | IEOR E4573 Deep Learning for NLP\Lecture 3.pdf | paragraph | Softmax; txt_01691 | IEOR E4540 Data Mining\Transformers-lecture-1-slides.pdf | paragraph | CLIP-based navigation with SARA-ReLU / softmax-attention; txt_20592 | IEOR E4573 Deep Learning for NLP\Lecture 3.pdf | paragraph | XOR: More parameters work? Maybe softmax?; txt_00911 | IEOR E4540 Data Mining\SARA-RT-slides.pdf | paragraph | CLIP-based navigation with SARA-ReLU / softmax attention,"根据提供的代码片段，没有足够的信息来回答关于初始化权重矩阵的值范围的问题。代码片段主要讨论了Softmax函数的性质及其与最大值的关系，但没有涉及权重初始化的具体建议或范围。因此，我无法提供相关的答案。

如果需要关于权重初始化的建议，通常可以参考深度学习的相关文献或课程资料。"
data_00110,data_summary,data_summary,good,,IEOR E4004 Optimization Models & Methods\Final Project\IEOR4004_PortfolioOptimizationPack\SCG.csv,SCG,"SCG.csv 是 IEOR E4004 Optimization Models & Methods 课程的数据集(CSV格式),包含 2350 行、7 列。字段包括:Date, Open, High, Low, Close, Adj Close, Volume。",SCG.csv 数据集包含哪些字段以及它的行列数是多少？,"SCG.csv 是 IEOR E4004 Optimization Models & Methods 课程的数据集，包含 2350 行和 7 列。字段包括：Date, Open, High, Low, Close, Adj Close, Volume。",,standard,,data_00004 | CSE 414\HW2\flight-dataset\weekdays.csv | data_summary | weekdays; data_00003 | CSE 414\HW2\flight-dataset\months.csv | data_summary | months; data_00110 | IEOR E4004 Optimization Models & Methods\Final Project\IEOR4004_PortfolioOptimizationPack\SCG.csv | data_summary | SCG; code_02658 | CSE 414\HW2\import-tables.sql | sql_statement; data_00012 | CSE 416\TA2\weather.csv | data_summary | weather,"SCG.csv 数据集包含的字段有：Date, Open, High, Low, Close, Adj Close, Volume。该数据集包含 2350 行和 7 列。[来源3]"
txt_19893,text,paragraph,good,formula_missing,IEOR E4404 Simulation\practice_final.pdf,Practice Final,"practice_final.pdf
- (d) Determine the percentage of variance reduction over the naive Monte Carlo estimator that is possible if X follows Unif (0 , 1). Here, you may assume you use the best coefficient in the control variate estimator.  
Problem 4. Suppose we have a 'black box' which on command can generate a gamma random variable with parameters α = 3 2 and β = 1. You are given that Gamma ( α, β ) has a density  
<!-- formula-not-decoded -->  
- (a) Write down a pseudo-code that uses this black box to generate one output replication that is suitable to estimate E [ e X / ( X +1) 2 ], where X is an exponential random variable with mean 1.",如何使用给定的黑箱生成一个输出复制，以估计 E [ e^X / (X + 1)^2 ]，其中 X 是均值为 1 的指数随机变量？,"可以使用以下伪代码来实现这一点：
```
// 伪代码示例
生成 gamma 随机变量 Y = black_box(α = 3/2, β = 1)
计算输出 = e^Y / (Y + 1)^2
```
请注意，具体的公式内容缺失，建议查阅IEOR E4404 Simulation的课程材料以获取完整信息。",,abstention,,txt_18926 | IEOR E4106 Stochastic Model\教材\Chapter 5.pdf | paragraph | 5.2.1 Definition; txt_20286 | IEOR E4404 Simulation\untitled folder\4404-lec2.pdf | paragraph | Expectation of Random Variables; txt_03737 | IEOR E4404 Simulation\Practice_Final_Solutions.pdf | paragraph | Solution; txt_01631 | IEOR E4404 Simulation\4404-lec2.pdf | paragraph | Expectations of Functions of RV; txt_20353 | IEOR E4404 Simulation\untitled folder\4404-lec3.pdf | paragraph | Generating Exponential RV,"根据提供的代码片段，关于如何使用给定的黑箱生成一个输出复制以估计 \( E \left[ \frac{e^X}{(X + 1)^2} \right] \)，其中 \( X \) 是均值为 1 的指数随机变量的信息并不完整。

在[来源3]中提到，计算 IS 估计量的第二个矩时，得到了 \( E \left[ \frac{e^X}{(X + 1)^2} \right] \) 的方差是无限的，因此这两个估计量都是不好的估计器。这表明在估计这个期望值时可能会遇到困难，但并没有提供具体的生成方法或黑箱的使用细节。

因此，无法根据现有的代码片段提供具体的生成方法或步骤。"
code_01347,code,ipynb_code,,,ieor 4742 deep learning\Final\Shadow_Score_Sandbox_1_copy.ipynb,,"# Initialize and fit RecursiveKMeans on both datasets
num_clusters = 3
RK1 = RecursiveKMeans(n_clusters=num_clusters)
RK1.fit(X_t)
labels_t = RK1.predict(X_t)
RK1.fit(X_t_minus_1)
labels_t_minus_1 = RK1.predict(X_t_minus_1)
# Calculate Shadow Scores without and with centering
shadow_score_without_centering = shadow_score(X_t, X_t_minus_1, labels_t, labels_t_minus_1, num_clusters, should_center=False)
shadow_score_with_centering = shadow_score(X_t, X_t_minus_1, labels_t, labels_t_minus_1, num_clusters, should_center=True)
print(""Shadow Score without centering:"", shadow_score_without_centering)
print(""Shadow Score with centering:"", shadow_score_with_centering)

输出:
Shadow Score without centering: 0.07836154456863964
Shadow Score with centering: 0.20266199773346885",如何在Python中使用RecursiveKMeans进行聚类，并计算带和不带中心化的Shadow Score？,"首先，初始化RecursiveKMeans并设置聚类数为3。然后，使用fit方法对数据集X_t进行拟合，并使用predict方法获取聚类标签labels_t。接着，对数据集X_t_minus_1进行相同的操作，得到labels_t_minus_1。接下来，使用shadow_score函数计算不带中心化和带中心化的Shadow Score，分别设置should_center为False和True。最后，输出Shadow Score的结果如下：

```python
Shadow Score without centering: 0.07836154456863964
Shadow Score with centering: 0.20266199773346885
```",,standard,,code_01347 | ieor 4742 deep learning\Final\Shadow_Score_Sandbox_1_copy.ipynb | ipynb_code; code_01339 | ieor 4742 deep learning\Final\Shadow_Score_Sandbox_1_copy.ipynb | ipynb_merged; code_01342 | ieor 4742 deep learning\Final\Shadow_Score_Sandbox_1_copy.ipynb | ipynb_code; txt_13613 | ieor 4742 deep learning\Final\ClusteringQC Final Report.pdf | paragraph | 2.1 Shadow Score Construction &amp; Assessment; code_01345 | ieor 4742 deep learning\Final\Shadow_Score_Sandbox_1_copy.ipynb | ipynb_merged,"在Python中使用`RecursiveKMeans`进行聚类并计算带和不带中心化的Shadow Score的步骤如下：

1. **初始化和拟合`RecursiveKMeans`**：
   首先，您需要创建`RecursiveKMeans`的实例，并指定聚类的数量。然后，使用数据集进行拟合。

   ```python
   num_clusters = 3
   RK1 = RecursiveKMeans(n_clusters=num_clusters)
   RK1.fit(X_t)  # 拟合当前时间段的数据
   labels_t = RK1.predict(X_t)  # 预测当前时间段的标签

   RK1.fit(X_t_minus_1)  # 拟合前一个时间段的数据
   labels_t_minus_1 = RK1.predict(X_t_minus_1)  # 预测前一个时间段的标签
   ```

2. **计算Shadow Score**：
   使用`shadow_score`函数计算带和不带中心化的Shadow Score。您可以通过设置`should_center`参数来控制是否进行中心化。

   ```python
   shadow_score_without_centering = shadow_score(X_t, X_t_minus_1, labels_t, labels_t_minus_1, num_clusters, should_center=False)
   shadow_score_with_centering = shadow_score(X_t, X_t_minus_1, labels_t, labels_t_minus_1, num_clusters, should_center=True)
   ```

3. **输出结果**：
   最后，您可以打印计算得到的Shadow Score。

   ```python
   print(""Shadow Score without centering:"", shadow_score_without_centering)
   print(""Shadow Score with centering:"", shadow_score_with_centering)
   ```

以上步骤的代码片段来自于[来源1]和[来源5]，其中详细描述了如何使用`RecursiveKMeans`进行聚类以及如何计算Shadow Score。"
txt_17464,text,paragraph,good,formula_missing,IEOR E4106 Stochastic Model\Final\Practice Final and Solutions.pdf,Problem 1 (40 points),"Practice Final and Solutions.pdf
Therefore, the conditional distribution of N (1) given N (2) = n is Binomial( n, 2 / 3) .  
Problem 2 (30 points) Let U be the time it takes for the computer to fail, V be the time to get it running again, and R be the cost. The cycle length is U + V . By the limiting theorem of renewal reward process, the long-run average cost per unit of time is E R/ ( E U + E V ) .  
Let X i be the lifetime of part i . We have U = min { X 1 , X 2 } ∼ Exp( λ 1 + λ 2 ) and E U = 1 / ( λ 1 + λ 2 ) .  
- With probability λ 1 λ 1 + λ 2 , we have X 1 &lt; X 2 , V = T 1 and R = C 1 .
- With probability λ 2 λ 1 + λ 2 , we have X 2 &lt; X 1 , V = T 2 and R = C 2 .  
Therefore,  
<!-- formula-not-decoded -->",在给定的条件下，如何计算计算机故障后的平均成本？,根据提供的内容，计算机故障后的平均成本可以通过以下公式计算：长期平均成本每单位时间为 E R / (E U + E V)。其中，U 是计算机故障所需的时间，V 是重新启动所需的时间，R 是成本。具体公式内容缺失，建议查阅IEOR E4106 Stochastic Model(Final相关)的课程材料以获取完整信息。,,abstention,,data_00010 | CSE 416\HW7\tweets-2020-4-30.csv | data_summary | tweets-2020-4-30; txt_00000 | IEOR E4404 Simulation\下半学期lecture\4404-lec13.pdf | heading_section | IEOR 4404: Simulation; data_00004 | CSE 414\HW2\flight-dataset\weekdays.csv | data_summary | weekdays; txt_00001 | IEOR E4404 Simulation\下半学期lecture\4404-lec13.pdf | heading_section | Lecture 13: Variance Reduction; data_00005 | CSE 416\HW1\home_data.csv | data_summary | home_data,"根据提供的代码片段，没有足够的信息来回答如何计算计算机故障后的平均成本。没有相关的课程代码或数据集涉及计算机故障或成本的内容。因此，无法提供具体的计算方法或步骤。

如果需要更详细的信息或数据集，建议查阅相关课程资料或数据集。"
